Year,State,URL
2016,Alabama,https://wioaplans.ed.gov/sites/default/files/state_plans/2016/Alabama.pdf
2016,Alaska,https://wioaplans.ed.gov/sites/default/files/state_plans/2016/Alaska.pdf
2016,American Samoa,
2016,Arizona,https://wioaplans.ed.gov/sites/default/files/state_plans/2016/Arizona.pdf
2016,Arkansas,https://wioaplans.ed.gov/sites/default/files/state_plans/2016/Arkansas.pdf
2016,California,https://wioaplans.ed.gov/sites/default/files/state_plans/2016/California.pdf
2016,Colorado,https://wioaplans.ed.gov/sites/default/files/state_plans/2016/Colorado.pdf
2016,Connecticut,https://wioaplans.ed.gov/sites/default/files/state_plans/2016/Connecticut.pdf
2016,Delaware,https://wioaplans.ed.gov/sites/default/files/state_plans/2016/Delaware.pdf
2016,District of Columbia,
2016,Florida,https://wioaplans.ed.gov/sites/default/files/state_plans/2016/Florida.pdf
2016,Georgia,https://wioaplans.ed.gov/sites/default/files/state_plans/2016/Georgia.pdf
2016,Guam,https://wioaplans.ed.gov/sites/default/files/state_plans/2016/Guam.pdf
2016,Hawaii,https://wioaplans.ed.gov/sites/default/files/state_plans/2016/Hawaii.pdf
2016,Idaho,https://wioaplans.ed.gov/sites/default/files/state_plans/2016/Idaho.pdf
2016,Illinois,https://wioaplans.ed.gov/sites/default/files/state_plans/2016/Illinois.pdf
2016,Indiana,https://wioaplans.ed.gov/sites/default/files/state_plans/2016/Indiana.pdf
2016,Iowa,https://wioaplans.ed.gov/sites/default/files/state_plans/2016/Iowa.pdf
2016,Kansas,https://wioaplans.ed.gov/sites/default/files/state_plans/2016/Kansas.pdf
2016,Kentucky,https://wioaplans.ed.gov/sites/default/files/state_plans/2016/Kentucky.pdf
2016,Louisiana,https://wioaplans.ed.gov/sites/default/files/state_plans/2016/Louisiana.pdf
2016,Maine,https://wioaplans.ed.gov/sites/default/files/state_plans/2016/Maine.pdf
2016,Maryland,https://wioaplans.ed.gov/sites/default/files/state_plans/2016/Maryland.pdf
2016,Massachusetts,https://wioaplans.ed.gov/sites/default/files/state_plans/2016/Massachusetts.pdf
2016,Michigan,https://wioaplans.ed.gov/sites/default/files/state_plans/2016/Michigan.pdf
2016,Minnesota,https://wioaplans.ed.gov/sites/default/files/state_plans/2016/Minnesota.pdf
2016,Mississippi,https://wioaplans.ed.gov/sites/default/files/state_plans/2016/Mississippi.pdf
2016,Missouri,https://wioaplans.ed.gov/sites/default/files/state_plans/2016/Missouri.pdf
2016,Montana,https://wioaplans.ed.gov/sites/default/files/state_plans/2016/Montana.pdf
2016,Nebraska,https://wioaplans.ed.gov/sites/default/files/state_plans/2016/Nebraska.pdf
2016,Nevada,https://wioaplans.ed.gov/sites/default/files/state_plans/2016/Nevada.pdf
2016,New Hampshire,
2016,New Jersey,
2016,New Mexico,
2016,New York,
2016,North Carolina,
2016,North Dakota,
2016,Northern Marianas,
2016,Ohio,https://wioaplans.ed.gov/sites/default/files/state_plans/2016/Ohio.pdf
2016,Oklahoma,https://wioaplans.ed.gov/sites/default/files/state_plans/2016/Oklahoma.pdf
2016,Oregon,https://wioaplans.ed.gov/sites/default/files/state_plans/2016/Oregon.pdf
2016,Palau,https://wioaplans.ed.gov/sites/default/files/state_plans/2016/Palau.pdf
2016,Pennsylvania,https://wioaplans.ed.gov/sites/default/files/state_plans/2016/Pennsylvania.pdf
2016,Puerto Rico,
2016,Rhode Island,
2016,South Carolina,
2016,South Dakota,
2016,Tennessee,https://wioaplans.ed.gov/sites/default/files/state_plans/2016/Tennessee.pdf
2016,Texas,https://wioaplans.ed.gov/sites/default/files/state_plans/2016/Texas.pdf
2016,Utah,https://wioaplans.ed.gov/sites/default/files/state_plans/2016/Utah.pdf
2016,Vermont,https://wioaplans.ed.gov/sites/default/files/state_plans/2016/Vermont.pdf
2016,Virgin Islands,
2016,Virginia,https://wioaplans.ed.gov/sites/default/files/state_plans/2016/Virginia.pdf
2016,Washington,https://wioaplans.ed.gov/sites/default/files/state_plans/2016/Washington.pdf
2016,West Virginia,
2016,Wisconsin,https://wioaplans.ed.gov/sites/default/files/state_plans/2016/Wisconsin.pdf
2016,Wyoming,https://wioaplans.ed.gov/sites/default/files/state_plans/2016/Wyoming.pdf
2018,Alabama,https://wioaplans.ed.gov/sites/default/files/state_plans/2018/Alabama.pdf
2018,Alaska,https://wioaplans.ed.gov/sites/default/files/state_plans/2018/Alaska.pdf
2018,American Samoa,
2018,Arizona,https://wioaplans.ed.gov/sites/default/files/state_plans/2018/Arizona.pdf
2018,Arkansas,https://wioaplans.ed.gov/sites/default/files/state_plans/2018/Arkansas.pdf
2018,California,https://wioaplans.ed.gov/sites/default/files/state_plans/2018/California.pdf
2018,Colorado,https://wioaplans.ed.gov/sites/default/files/state_plans/2018/Colorado.pdf
2018,Connecticut,https://wioaplans.ed.gov/sites/default/files/state_plans/2018/Connecticut.pdf
2018,Delaware,https://wioaplans.ed.gov/sites/default/files/state_plans/2018/Delaware.pdf
2018,District of Columbia,
2018,Florida,https://wioaplans.ed.gov/sites/default/files/state_plans/2018/Florida.pdf
2018,Georgia,https://wioaplans.ed.gov/sites/default/files/state_plans/2018/Georgia.pdf
2018,Guam,https://wioaplans.ed.gov/sites/default/files/state_plans/2018/Guam.pdf
2018,Hawaii,https://wioaplans.ed.gov/sites/default/files/state_plans/2018/Hawaii.pdf
2018,Idaho,https://wioaplans.ed.gov/sites/default/files/state_plans/2018/Idaho.pdf
2018,Illinois,https://wioaplans.ed.gov/sites/default/files/state_plans/2018/Illinois.pdf
2018,Indiana,https://wioaplans.ed.gov/sites/default/files/state_plans/2018/Indiana.pdf
2018,Iowa,https://wioaplans.ed.gov/sites/default/files/state_plans/2018/Iowa.pdf
2018,Kansas,https://wioaplans.ed.gov/sites/default/files/state_plans/2018/Kansas.pdf
2018,Kentucky,https://wioaplans.ed.gov/sites/default/files/state_plans/2018/Kentucky.pdf
2018,Louisiana,https://wioaplans.ed.gov/sites/default/files/state_plans/2018/Louisiana.pdf
2018,Maine,https://wioaplans.ed.gov/sites/default/files/state_plans/2018/Maine.pdf
2018,Maryland,https://wioaplans.ed.gov/sites/default/files/state_plans/2018/Maryland.pdf
2018,Massachusetts,https://wioaplans.ed.gov/sites/default/files/state_plans/2018/Massachusetts.pdf
2018,Michigan,https://wioaplans.ed.gov/sites/default/files/state_plans/2018/Michigan.pdf
2018,Minnesota,https://wioaplans.ed.gov/sites/default/files/state_plans/2018/Minnesota.pdf
2018,Mississippi,https://wioaplans.ed.gov/sites/default/files/state_plans/2018/Mississippi.pdf
2018,Missouri,https://wioaplans.ed.gov/sites/default/files/state_plans/2018/Missouri.pdf
2018,Montana,https://wioaplans.ed.gov/sites/default/files/state_plans/2018/Montana.pdf
2018,Nebraska,https://wioaplans.ed.gov/sites/default/files/state_plans/2018/Nebraska.pdf
2018,Nevada,https://wioaplans.ed.gov/sites/default/files/state_plans/2018/Nevada.pdf
2018,New Hampshire,
2018,New Jersey,
2018,New Mexico,
2018,New York,
2018,North Carolina,
2018,North Dakota,
2018,Northern Marianas,
2018,Ohio,https://wioaplans.ed.gov/sites/default/files/state_plans/2018/Ohio.pdf
2018,Oklahoma,https://wioaplans.ed.gov/sites/default/files/state_plans/2018/Oklahoma.pdf
2018,Oregon,https://wioaplans.ed.gov/sites/default/files/state_plans/2018/Oregon.pdf
2018,Palau,https://wioaplans.ed.gov/sites/default/files/state_plans/2018/Palau.pdf
2018,Pennsylvania,https://wioaplans.ed.gov/sites/default/files/state_plans/2018/Pennsylvania.pdf
2018,Puerto Rico,
2018,Rhode Island,
2018,South Carolina,
2018,South Dakota,
2018,Tennessee,https://wioaplans.ed.gov/sites/default/files/state_plans/2018/Tennessee.pdf
2018,Texas,https://wioaplans.ed.gov/sites/default/files/state_plans/2018/Texas.pdf
2018,Utah,https://wioaplans.ed.gov/sites/default/files/state_plans/2018/Utah.pdf
2018,Vermont,https://wioaplans.ed.gov/sites/default/files/state_plans/2018/Vermont.pdf
2018,Virgin Islands,
2018,Virginia,https://wioaplans.ed.gov/sites/default/files/state_plans/2018/Virginia.pdf
2018,Washington,https://wioaplans.ed.gov/sites/default/files/state_plans/2018/Washington.pdf
2018,West Virginia,
2018,Wisconsin,https://wioaplans.ed.gov/sites/default/files/state_plans/2018/Wisconsin.pdf
2018,Wyoming,https://wioaplans.ed.gov/sites/default/files/state_plans/2018/Wyoming.pdf
2020,Alabama,https://wioaplans.ed.gov/sites/default/files/pdfs/state-plan/2020/Alabama_PYs_2020-2023.pdf
2020,Alaska,https://wioaplans.ed.gov/sites/default/files/pdfs/state-plan/2020/Alaska_PYs_2020-2023.pdf
2020,American Samoa,
2020,Arizona,https://wioaplans.ed.gov/sites/default/files/pdfs/state-plan/2020/Arizona_PYs_2020-2023.pdf
2020,Arkansas,https://wioaplans.ed.gov/sites/default/files/pdfs/state-plan/2020/Arkansas_PYs_2020-2023.pdf
2020,California,
2020,Colorado,https://wioaplans.ed.gov/sites/default/files/pdfs/state-plan/2020/Colorado_PYs_2020-2023.pdf
2020,Connecticut,https://wioaplans.ed.gov/sites/default/files/pdfs/state-plan/2020/Connecticut_PYs_2020-2023_0.pdf
2020,Delaware,https://wioaplans.ed.gov/sites/default/files/pdfs/state-plan/2020/Delaware_PYs_2020-2023.pdf
2020,District of Columbia,https://wioaplans.ed.gov/sites/default/files/pdfs/state-plan/2020/District_of_Columbia_PYs_2020-2023.pdf
2020,Florida,https://wioaplans.ed.gov/sites/default/files/pdfs/state-plan/2020/Florida_PYs_2020-2023.pdf
2020,Georgia,https://wioaplans.ed.gov/sites/default/files/pdfs/state-plan/2020/Georgia_PYs_2020-2023_0.pdf
2020,Guam,
2020,Hawaii,
2020,Idaho,https://wioaplans.ed.gov/sites/default/files/pdfs/state-plan/2020/Idaho_PYs_2020-2023.pdf
2020,Illinois,https://wioaplans.ed.gov/sites/default/files/pdfs/state-plan/2020/Illinois_PYs_2020-2023.pdf
2020,Indiana,https://wioaplans.ed.gov/sites/default/files/pdfs/state-plan/2020/Indiana_PYs_2020-2023.pdf
2020,Iowa,https://wioaplans.ed.gov/sites/default/files/pdfs/state-plan/2020/Iowa_PYs_2020-2023.pdf
2020,Kansas,https://wioaplans.ed.gov/sites/default/files/pdfs/state-plan/2020/Kansas_PYs_2020-2023.pdf
2020,Kentucky,https://wioaplans.ed.gov/sites/default/files/pdfs/state-plan/2020/Kentucky_PYs_2020-2023.pdf
2020,Louisiana,https://wioaplans.ed.gov/sites/default/files/pdfs/state-plan/2020/Louisiana_PYs_2020-2023.pdf
2020,Maine,https://wioaplans.ed.gov/sites/default/files/pdfs/state-plan/2020/Maine_PYs_2020-2023.pdf
2020,Maryland,https://wioaplans.ed.gov/sites/default/files/pdfs/state-plan/2020/Maryland_PYs_2020-2023.pdf
2020,Massachusetts,
2020,Michigan,https://wioaplans.ed.gov/sites/default/files/pdfs/state-plan/2020/Michigan_PYs_2020-2023.pdf
2020,Minnesota,https://wioaplans.ed.gov/sites/default/files/pdfs/state-plan/2020/Minnesota_PYs_2020-2023.pdf
2020,Mississippi,https://wioaplans.ed.gov/sites/default/files/pdfs/state-plan/2020/Mississippi_PYs_2020-2023.pdf
2020,Missouri,https://wioaplans.ed.gov/sites/default/files/pdfs/state-plan/2020/Missouri_PYs_2020-2023.pdf
2020,Montana,https://wioaplans.ed.gov/sites/default/files/pdfs/state-plan/2020/Montana_PYs_2020-2023.pdf
2020,Nebraska,
2020,Nevada,https://wioaplans.ed.gov/sites/default/files/pdfs/state-plan/2020/Nevada_PYs_2020-2023.pdf
2020,New Hampshire,https://wioaplans.ed.gov/sites/default/files/pdfs/state-plan/2020/New_Hampshire_PYs_2020-2023.pdf
2020,New Jersey,
2020,New Mexico,
2020,New York,
2020,North Carolina,
2020,North Dakota,https://wioaplans.ed.gov/sites/default/files/pdfs/state-plan/2020/North_Dakota_PYs_2020-2023.pdf
2020,Northern Marianas,
2020,Ohio,
2020,Oklahoma,https://wioaplans.ed.gov/sites/default/files/pdfs/state-plan/2020/Oklahoma_PYs_2020-2023.pdf
2020,Oregon,https://wioaplans.ed.gov/sites/default/files/pdfs/state-plan/2020/Oregon_PYs_2020-2023.pdf
2020,Palau,
2020,Pennsylvania,https://wioaplans.ed.gov/sites/default/files/pdfs/state-plan/2020/Pennsylvania_PYs_2020-2023.pdf
2020,Puerto Rico,https://wioaplans.ed.gov/sites/default/files/pdfs/state-plan/2020/Puerto_Rico_PYs_2020-2023.pdf
2020,Rhode Island,
2020,South Carolina,https://wioaplans.ed.gov/sites/default/files/pdfs/state-plan/2020/South_Carolina_PYs_2020-2023.pdf
2020,South Dakota,https://wioaplans.ed.gov/sites/default/files/pdfs/state-plan/2020/South_Dakota_PYs_2020-2023.pdf
2020,Tennessee,https://wioaplans.ed.gov/sites/default/files/pdfs/state-plan/2020/Tennessee_PYs_2020-2023.pdf
2020,Texas,https://wioaplans.ed.gov/sites/default/files/pdfs/state-plan/2020/Texas_PYs_2020-2023.pdf
2020,Utah,https://wioaplans.ed.gov/sites/default/files/pdfs/state-plan/2020/Utah_PYs_2020-2023.pdf
2020,Vermont,https://wioaplans.ed.gov/sites/default/files/pdfs/state-plan/2020/Vermont_PYs_2020-2023.pdf
2020,Virgin Islands,
2020,Virginia,
2020,Washington,
2020,West Virginia,
2020,Wisconsin,
2020,Wyoming,https://wioaplans.ed.gov/sites/default/files/pdfs/state-plan/2020/Wyoming_PYs_2020-2023.pdf
2022,Alabama,https://wioaplans.ed.gov/sites/default/files/pdfs/state-plan/2022/Alabama_PYs_2022-2023_(Mod).pdf
2022,Alaska,https://wioaplans.ed.gov/sites/default/files/pdfs/state-plan/2022/Alaska_PYs_2022-2023_(Mod).pdf
2022,American Samoa,https://wioaplans.ed.gov/sites/default/files/pdfs/state-plan/2022/American_Samoa_PYs_2022-2023_(Mod)_2.pdf
2022,Arizona,https://wioaplans.ed.gov/sites/default/files/pdfs/state-plan/2022/Arizona_PYs_2022-2023_(Mod).pdf
2022,Arkansas,https://wioaplans.ed.gov/sites/default/files/pdfs/state-plan/2022/Arkansas_PYs_2022-2023_(Mod).pdf
2022,California,https://wioaplans.ed.gov/sites/default/files/pdfs/state-plan/2022/California_PYs_2022-2023_(Mod).pdf
2022,Colorado,https://wioaplans.ed.gov/sites/default/files/pdfs/state-plan/2022/Colorado_PYs_2022-2023_(Mod).pdf
2022,Connecticut,https://wioaplans.ed.gov/sites/default/files/pdfs/state-plan/2022/Connecticut_PYs_2022-2023_(Mod).pdf
2022,Delaware,https://wioaplans.ed.gov/sites/default/files/pdfs/state-plan/2022/Delaware_PYs_2022-2023_(Mod).pdf
2022,District of Columbia,https://wioaplans.ed.gov/sites/default/files/pdfs/state-plan/2022/District_of_Columbia_PYs_2022-2023_(Mod).pdf
2022,Florida,https://wioaplans.ed.gov/sites/default/files/pdfs/state-plan/2022/Florida_PYs_2022-2023_(Mod).pdf
2022,Georgia,https://wioaplans.ed.gov/sites/default/files/pdfs/state-plan/2022/Georgia_PYs_2022-2023_(Mod).pdf
2022,Guam,
2022,Hawaii,https://wioaplans.ed.gov/sites/default/files/pdfs/state-plan/2022/Hawaii_PYs_2022-2023_(Mod).pdf
2022,Idaho,https://wioaplans.ed.gov/sites/default/files/pdfs/state-plan/2022/Idaho_PYs_2022-2023_(Mod).pdf
2022,Illinois,https://wioaplans.ed.gov/sites/default/files/pdfs/state-plan/2022/Illinois_PYs_2022-2023_(Mod).pdf
2022,Indiana,
2022,Iowa,https://wioaplans.ed.gov/sites/default/files/pdfs/state-plan/2022/Iowa_PYs_2022-2023_(Mod).pdf
2022,Kansas,https://wioaplans.ed.gov/sites/default/files/pdfs/state-plan/2022/Kansas_PYs_2022-2023_(Mod).pdf
2022,Kentucky,https://wioaplans.ed.gov/sites/default/files/pdfs/state-plan/2022/Kentucky_PYs_2022-2023_(Mod).pdf
2022,Louisiana,https://wioaplans.ed.gov/sites/default/files/pdfs/state-plan/2022/Louisiana_PYs_2022-2023_(Mod).pdf
2022,Maine,
2022,Maryland,https://wioaplans.ed.gov/sites/default/files/pdfs/state-plan/2022/Maryland_PYs_2022-2023_(Mod).pdf
2022,Massachusetts,https://wioaplans.ed.gov/sites/default/files/pdfs/state-plan/2022/Massachusetts_PYs_2022-2023_(Mod).pdf
2022,Michigan,
2022,Minnesota,https://wioaplans.ed.gov/sites/default/files/pdfs/state-plan/2022/Minnesota_PYs_2022-2023_(Mod).pdf
2022,Mississippi,https://wioaplans.ed.gov/sites/default/files/pdfs/state-plan/2022/Mississippi_PYs_2022-2023_(Mod).pdf
2022,Missouri,https://wioaplans.ed.gov/sites/default/files/pdfs/state-plan/2022/Missouri_PYs_2022-2023_(Mod).pdf
2022,Montana,https://wioaplans.ed.gov/sites/default/files/pdfs/state-plan/2022/Montana_PYs_2022-2023_(Mod).pdf
2022,Nebraska,
2022,Nevada,https://wioaplans.ed.gov/sites/default/files/pdfs/state-plan/2022/Nevada_PYs_2022-2023_(Mod).pdf
2022,New Hampshire,
2022,New Jersey,
2022,New Mexico,https://wioaplans.ed.gov/sites/default/files/pdfs/state-plan/2022/New_Mexico_PYs_2022-2023_(Mod).pdf
2022,New York,
2022,North Carolina,https://wioaplans.ed.gov/sites/default/files/pdfs/state-plan/2022/North_Carolina_PYs_2022-2023_(Mod).pdf
2022,North Dakota,https://wioaplans.ed.gov/sites/default/files/pdfs/state-plan/2022/North_Dakota_PYs_2022-2023_(Mod).pdf
2022,Northern Marianas,https://wioaplans.ed.gov/sites/default/files/pdfs/state-plan/2022/Northern_Marianas_PYs_2022-2023_(Mod).pdf
2022,Ohio,https://wioaplans.ed.gov/sites/default/files/pdfs/state-plan/2022/Ohio_PYs_2022-2023_(Mod).pdf
2022,Oklahoma,https://wioaplans.ed.gov/sites/default/files/pdfs/state-plan/2022/Oklahoma_PYs_2022-2023_(Mod).pdf
2022,Oregon,https://wioaplans.ed.gov/sites/default/files/pdfs/state-plan/2022/Oregon_PYs_2022-2023_(Mod).pdf
2022,Palau,https://wioaplans.ed.gov/sites/default/files/pdfs/state-plan/2022/Palau_PYs_2022-2023_(Mod).pdf
2022,Pennsylvania,
2022,Puerto Rico,
2022,Rhode Island,https://wioaplans.ed.gov/sites/default/files/pdfs/state-plan/2022/Rhode_Island_PYs_2022-2023_(Mod).pdf
2022,South Carolina,
2022,South Dakota,https://wioaplans.ed.gov/sites/default/files/pdfs/state-plan/2022/South_Dakota_PYs_2022-2023_(Mod).pdf
2022,Tennessee,
2022,Texas,https://wioaplans.ed.gov/sites/default/files/pdfs/state-plan/2022/Texas_PYs_2022-2023_(Mod).pdf
2022,Utah,https://wioaplans.ed.gov/sites/default/files/pdfs/state-plan/2022/Utah_PYs_2022-2023_(Mod).pdf
2022,Vermont,https://wioaplans.ed.gov/sites/default/files/pdfs/state-plan/2022/Vermont_PYs_2022-2023_(Mod).pdf
2022,Virgin Islands,
2022,Virginia,
2022,Washington,https://wioaplans.ed.gov/sites/default/files/pdfs/state-plan/2022/Washington_PYs_2022-2023_(Mod).pdf
2022,West Virginia,
2022,Wisconsin,https://wioaplans.ed.gov/sites/default/files/pdfs/state-plan/2022/Wisconsin_PYs_2022-2023_(Mod).pdf
2022,Wyoming,https://wioaplans.ed.gov/sites/default/files/pdfs/state-plan/2022/Wyoming_PYs_2022-2023_(Mod).pdf
2024,Alabama,https://wioaplans.ed.gov/sites/default/files/pdfs/state-plan/2024/Alabama_PYs_2024-2027.docx
2024,Alaska,https://wioaplans.ed.gov/sites/default/files/pdfs/state-plan/2024/Alaska_PYs_2024-2027.docx
2024,American Samoa,https://wioaplans.ed.gov/sites/default/files/pdfs/state-plan/2024/American_Samoa_PYs_2024-2027.docx
2024,Arizona,https://wioaplans.ed.gov/sites/default/files/pdfs/state-plan/2024/Arizona_PYs_2024-2027.docx
2024,Arkansas,https://wioaplans.ed.gov/sites/default/files/pdfs/state-plan/2024/Arkansas_PYs_2024-2027.docx
2024,California,https://wioaplans.ed.gov/sites/default/files/pdfs/state-plan/2024/California_PYs_2024-2027.docx
2024,Colorado,https://wioaplans.ed.gov/sites/default/files/pdfs/state-plan/2024/Colorado_PYs_2024-2027.docx
2024,Connecticut,https://wioaplans.ed.gov/sites/default/files/pdfs/state-plan/2024/Connecticut_PYs_2024-2027.docx
2024,Delaware,https://wioaplans.ed.gov/sites/default/files/pdfs/state-plan/2024/Delaware_PYs_2024-2027.docx
2024,District of Columbia,https://wioaplans.ed.gov/sites/default/files/pdfs/state-plan/2024/District_of_Columbia_PYs_2024-2027.docx
2024,Florida,https://wioaplans.ed.gov/sites/default/files/pdfs/state-plan/2024/Florida_PYs_2024-2027.docx
2024,Georgia,https://wioaplans.ed.gov/sites/default/files/pdfs/state-plan/2024/Georgia_PYs_2024-2027.docx
2024,Guam,https://wioaplans.ed.gov/sites/default/files/pdfs/state-plan/2024/Guam_PYs_2024-2027.docx
2024,Hawaii,https://wioaplans.ed.gov/sites/default/files/pdfs/state-plan/2024/Hawaii_PYs_2024-2027.docx
2024,Idaho,https://wioaplans.ed.gov/sites/default/files/pdfs/state-plan/2024/Idaho_PYs_2024-2027.docx
2024,Illinois,https://wioaplans.ed.gov/sites/default/files/pdfs/state-plan/2024/Illinois_PYs_2024-2027.docx
2024,Indiana,https://wioaplans.ed.gov/sites/default/files/pdfs/state-plan/2024/Indiana_PYs_2024-2027.docx
2024,Iowa,https://wioaplans.ed.gov/sites/default/files/pdfs/state-plan/2024/Iowa_PYs_2024-2027.docx
2024,Kansas,https://wioaplans.ed.gov/sites/default/files/pdfs/state-plan/2024/Kansas_PYs_2024-2027.docx
2024,Kentucky,https://wioaplans.ed.gov/sites/default/files/pdfs/state-plan/2024/Kentucky_PYs_2024-2027.docx
2024,Louisiana,https://wioaplans.ed.gov/sites/default/files/pdfs/state-plan/2024/Louisiana_PYs_2024-2027.docx
2024,Maine,https://wioaplans.ed.gov/sites/default/files/pdfs/state-plan/2024/Maine_PYs_2024-2027.docx
2024,Maryland,https://wioaplans.ed.gov/sites/default/files/pdfs/state-plan/2024/Maryland_PYs_2024-2027.docx
2024,Massachusetts,https://wioaplans.ed.gov/sites/default/files/pdfs/state-plan/2024/Massachusetts_PYs_2024-2027.docx
2024,Michigan,https://wioaplans.ed.gov/sites/default/files/pdfs/state-plan/2024/Michigan_PYs_2024-2027.docx
2024,Minnesota,https://wioaplans.ed.gov/sites/default/files/pdfs/state-plan/2024/Minnesota_PYs_2024-2027.docx
2024,Mississippi,https://wioaplans.ed.gov/sites/default/files/pdfs/state-plan/2024/Mississippi_PYs_2024-2027.docx
2024,Missouri,https://wioaplans.ed.gov/sites/default/files/pdfs/state-plan/2024/Missouri_PYs_2024-2027.docx
2024,Montana,https://wioaplans.ed.gov/sites/default/files/pdfs/state-plan/2024/Montana_PYs_2024-2027.docx
2024,Nebraska,https://wioaplans.ed.gov/sites/default/files/pdfs/state-plan/2024/Nebraska_PYs_2024-2027.docx
2024,Nevada,https://wioaplans.ed.gov/sites/default/files/pdfs/state-plan/2024/Nevada_PYs_2024-2027.docx
2024,New Hampshire,https://wioaplans.ed.gov/sites/default/files/pdfs/state-plan/2024/New_Hampshire_PYs_2024-2027.docx
2024,New Jersey,https://wioaplans.ed.gov/sites/default/files/pdfs/state-plan/2024/New_Jersey_PYs_2024-2027.docx
2024,New Mexico,https://wioaplans.ed.gov/sites/default/files/pdfs/state-plan/2024/New_Mexico_PYs_2024-2027.docx
2024,New York,https://wioaplans.ed.gov/sites/default/files/pdfs/state-plan/2024/New_York_PYs_2024-2027.docx
2024,North Carolina,https://wioaplans.ed.gov/sites/default/files/pdfs/state-plan/2024/North_Carolina_PYs_2024-2027.docx
2024,North Dakota,https://wioaplans.ed.gov/sites/default/files/pdfs/state-plan/2024/North_Dakota_PYs_2024-2027.docx
2024,Northern Marianas,https://wioaplans.ed.gov/sites/default/files/pdfs/state-plan/2024/Northern_Marianas_PYs_2024-2027.docx
2024,Ohio,https://wioaplans.ed.gov/sites/default/files/pdfs/state-plan/2024/Ohio_PYs_2024-2027.docx
2024,Oklahoma,https://wioaplans.ed.gov/sites/default/files/pdfs/state-plan/2024/Oklahoma_PYs_2024-2027.docx
2024,Oregon,https://wioaplans.ed.gov/sites/default/files/pdfs/state-plan/2024/Oregon_PYs_2024-2027.docx
2024,Palau,https://wioaplans.ed.gov/sites/default/files/pdfs/state-plan/2024/Palau_PYs_2024-2027.docx
2024,Pennsylvania,https://wioaplans.ed.gov/sites/default/files/pdfs/state-plan/2024/Pennsylvania_PYs_2024-2027.docx
2024,Puerto Rico,https://wioaplans.ed.gov/sites/default/files/pdfs/state-plan/2024/Puerto_Rico_PYs_2024-2027.docx
2024,Rhode Island,https://wioaplans.ed.gov/sites/default/files/pdfs/state-plan/2024/Rhode_Island_PYs_2024-2027.docx
2024,South Carolina,https://wioaplans.ed.gov/sites/default/files/pdfs/state-plan/2024/South_Carolina_PYs_2024-2027.docx
2024,South Dakota,https://wioaplans.ed.gov/sites/default/files/pdfs/state-plan/2024/South_Dakota_PYs_2024-2027.docx
2024,Tennessee,https://wioaplans.ed.gov/sites/default/files/pdfs/state-plan/2024/Tennessee_PYs_2024-2027.docx
2024,Texas,https://wioaplans.ed.gov/sites/default/files/pdfs/state-plan/2024/Texas_PYs_2024-2027.docx
2024,Utah,https://wioaplans.ed.gov/sites/default/files/pdfs/state-plan/2024/Utah_PYs_2024-2027.docx
2024,Vermont,https://wioaplans.ed.gov/sites/default/files/pdfs/state-plan/2024/Vermont_PYs_2024-2027.docx
2024,Virgin Islands,https://wioaplans.ed.gov/sites/default/files/pdfs/state-plan/2024/Virgin_Islands_PYs_2024-2027.docx
2024,Virginia,https://wioaplans.ed.gov/sites/default/files/pdfs/state-plan/2024/Virginia_PYs_2024-2027.docx
2024,Washington,https://wioaplans.ed.gov/sites/default/files/pdfs/state-plan/2024/Washington_PYs_2024-2027.docx
2024,West Virginia,https://wioaplans.ed.gov/sites/default/files/pdfs/state-plan/2024/West_Virginia_PYs_2024-2027.docx
2024,Wisconsin,https://wioaplans.ed.gov/sites/default/files/pdfs/state-plan/2024/Wisconsin_PYs_2024-2027.docx
2024,Wyoming,https://wioaplans.ed.gov/sites/default/files/pdfs/state-plan/2024/Wyoming_PYs_2024-2027.docx
