Year,State,FailedURL,Timestamp
2022,Guam,https://wioaplans.ed.gov/sites/default/files/pdfs/state-plan/2022/Guam_PYs_2022-2023_(mod).pdf,2025-04-17 14:39:36
2022,Guam,https://wioaplans.ed.gov/sites/default/files/pdfs/state-plan/2022//Guam_PYs_2022-2023_(mod).pdf,2025-04-17 14:39:41
2022,Guam,https://wioaplans.ed.gov/sites/default/files/pdfs/state-plan/2022/Guam_PYs_2022-2023_(mod)_0.pdf,2025-04-17 14:39:47
2022,Guam,https://wioaplans.ed.gov/sites/default/files/pdfs/state-plan/2022//Guam_PYs_2022-2023_(mod)_0.pdf,2025-04-17 14:39:52
2022,Guam,https://wioaplans.ed.gov/sites/default/files/pdfs/state-plan/2022/Guam_PYs_2022-2023_(mod)_1.pdf,2025-04-17 14:39:57
2022,Guam,https://wioaplans.ed.gov/sites/default/files/pdfs/state-plan/2022//Guam_PYs_2022-2023_(mod)_1.pdf,2025-04-17 14:40:02
2022,Guam,https://wioaplans.ed.gov/sites/default/files/pdfs/state-plan/2022/Guam_PYs_2022-2023_(mod)_2.pdf,2025-04-17 14:40:08
2022,Guam,https://wioaplans.ed.gov/sites/default/files/pdfs/state-plan/2022//Guam_PYs_2022-2023_(mod)_2.pdf,2025-04-17 14:40:13
2022,Guam,https://wioaplans.ed.gov/sites/default/files/pdfs/state-plan/2023/Guam_PYs_2022-2023_(mod).pdf,2025-04-17 14:40:18
2022,Guam,https://wioaplans.ed.gov/sites/default/files/pdfs/state-plan/2023//Guam_PYs_2022-2023_(mod).pdf,2025-04-17 14:40:24
2022,Guam,https://wioaplans.ed.gov/sites/default/files/pdfs/state-plan/2023/Guam_PYs_2022-2023_(mod)_0.pdf,2025-04-17 14:40:29
2022,Guam,https://wioaplans.ed.gov/sites/default/files/pdfs/state-plan/2023//Guam_PYs_2022-2023_(mod)_0.pdf,2025-04-17 14:40:35
2022,Guam,https://wioaplans.ed.gov/sites/default/files/pdfs/state-plan/2023/Guam_PYs_2022-2023_(mod)_1.pdf,2025-04-17 14:40:40
2022,Guam,https://wioaplans.ed.gov/sites/default/files/pdfs/state-plan/2023//Guam_PYs_2022-2023_(mod)_1.pdf,2025-04-17 14:40:46
2022,Guam,https://wioaplans.ed.gov/sites/default/files/pdfs/state-plan/2023/Guam_PYs_2022-2023_(mod)_2.pdf,2025-04-17 14:40:51
2022,Guam,https://wioaplans.ed.gov/sites/default/files/pdfs/state-plan/2023//Guam_PYs_2022-2023_(mod)_2.pdf,2025-04-17 14:40:56
2020,Hawaii,https://wioaplans.ed.gov/sites/default/files/pdfs/state-plan/2020/Hawaii_PYs_2020-2023.pdf,2025-04-17 14:41:01
2020,Hawaii,https://wioaplans.ed.gov/sites/default/files/pdfs/state-plan/2020//Hawaii_PYs_2020-2023.pdf,2025-04-17 14:41:07
2020,Hawaii,https://wioaplans.ed.gov/sites/default/files/pdfs/state-plan/2020/Hawaii_PYs_2020-2023_0.pdf,2025-04-17 14:41:12
2020,Hawaii,https://wioaplans.ed.gov/sites/default/files/pdfs/state-plan/2020//Hawaii_PYs_2020-2023_0.pdf,2025-04-17 14:41:17
2020,Hawaii,https://wioaplans.ed.gov/sites/default/files/pdfs/state-plan/2020/Hawaii_PYs_2020-2023_1.pdf,2025-04-17 14:41:23
2020,Hawaii,https://wioaplans.ed.gov/sites/default/files/pdfs/state-plan/2020//Hawaii_PYs_2020-2023_1.pdf,2025-04-17 14:41:28
2020,Hawaii,https://wioaplans.ed.gov/sites/default/files/pdfs/state-plan/2020/Hawaii_PYs_2020-2023_2.pdf,2025-04-17 14:41:33
2020,Hawaii,https://wioaplans.ed.gov/sites/default/files/pdfs/state-plan/2020//Hawaii_PYs_2020-2023_2.pdf,2025-04-17 14:41:39
2020,Hawaii,https://wioaplans.ed.gov/sites/default/files/pdfs/state-plan/2021/Hawaii_PYs_2020-2023.pdf,2025-04-17 14:41:44
2020,Hawaii,https://wioaplans.ed.gov/sites/default/files/pdfs/state-plan/2021//Hawaii_PYs_2020-2023.pdf,2025-04-17 14:41:49
2020,Hawaii,https://wioaplans.ed.gov/sites/default/files/pdfs/state-plan/2021/Hawaii_PYs_2020-2023_0.pdf,2025-04-17 14:41:55
2020,Hawaii,https://wioaplans.ed.gov/sites/default/files/pdfs/state-plan/2021//Hawaii_PYs_2020-2023_0.pdf,2025-04-17 14:42:00
2020,Hawaii,https://wioaplans.ed.gov/sites/default/files/pdfs/state-plan/2021/Hawaii_PYs_2020-2023_1.pdf,2025-04-17 14:42:05
2020,Hawaii,https://wioaplans.ed.gov/sites/default/files/pdfs/state-plan/2021//Hawaii_PYs_2020-2023_1.pdf,2025-04-17 14:42:10
2020,Hawaii,https://wioaplans.ed.gov/sites/default/files/pdfs/state-plan/2021/Hawaii_PYs_2020-2023_2.pdf,2025-04-17 14:42:16
2020,Hawaii,https://wioaplans.ed.gov/sites/default/files/pdfs/state-plan/2021//Hawaii_PYs_2020-2023_2.pdf,2025-04-17 14:42:21
2022,Indiana,https://wioaplans.ed.gov/sites/default/files/pdfs/state-plan/2022/Indiana_PYs_2022-2023_(mod).pdf,2025-04-17 14:42:26
2022,Indiana,https://wioaplans.ed.gov/sites/default/files/pdfs/state-plan/2022//Indiana_PYs_2022-2023_(mod).pdf,2025-04-17 14:42:32
2022,Indiana,https://wioaplans.ed.gov/sites/default/files/pdfs/state-plan/2022/Indiana_PYs_2022-2023_(mod)_0.pdf,2025-04-17 14:42:37
2022,Indiana,https://wioaplans.ed.gov/sites/default/files/pdfs/state-plan/2022//Indiana_PYs_2022-2023_(mod)_0.pdf,2025-04-17 14:42:42
2022,Indiana,https://wioaplans.ed.gov/sites/default/files/pdfs/state-plan/2022/Indiana_PYs_2022-2023_(mod)_1.pdf,2025-04-17 14:42:48
2022,Indiana,https://wioaplans.ed.gov/sites/default/files/pdfs/state-plan/2022//Indiana_PYs_2022-2023_(mod)_1.pdf,2025-04-17 14:42:53
2022,Indiana,https://wioaplans.ed.gov/sites/default/files/pdfs/state-plan/2022/Indiana_PYs_2022-2023_(mod)_2.pdf,2025-04-17 14:42:59
2022,Indiana,https://wioaplans.ed.gov/sites/default/files/pdfs/state-plan/2022//Indiana_PYs_2022-2023_(mod)_2.pdf,2025-04-17 14:43:04
2022,Indiana,https://wioaplans.ed.gov/sites/default/files/pdfs/state-plan/2023/Indiana_PYs_2022-2023_(mod).pdf,2025-04-17 14:43:09
2022,Indiana,https://wioaplans.ed.gov/sites/default/files/pdfs/state-plan/2023//Indiana_PYs_2022-2023_(mod).pdf,2025-04-17 14:43:14
2022,Indiana,https://wioaplans.ed.gov/sites/default/files/pdfs/state-plan/2023/Indiana_PYs_2022-2023_(mod)_0.pdf,2025-04-17 14:43:20
2022,Indiana,https://wioaplans.ed.gov/sites/default/files/pdfs/state-plan/2023//Indiana_PYs_2022-2023_(mod)_0.pdf,2025-04-17 14:43:25
2022,Indiana,https://wioaplans.ed.gov/sites/default/files/pdfs/state-plan/2023/Indiana_PYs_2022-2023_(mod)_1.pdf,2025-04-17 14:43:30
2022,Indiana,https://wioaplans.ed.gov/sites/default/files/pdfs/state-plan/2023//Indiana_PYs_2022-2023_(mod)_1.pdf,2025-04-17 14:43:36
2022,Indiana,https://wioaplans.ed.gov/sites/default/files/pdfs/state-plan/2023/Indiana_PYs_2022-2023_(mod)_2.pdf,2025-04-17 14:43:41
2022,Indiana,https://wioaplans.ed.gov/sites/default/files/pdfs/state-plan/2023//Indiana_PYs_2022-2023_(mod)_2.pdf,2025-04-17 14:43:46
2022,Maine,https://wioaplans.ed.gov/sites/default/files/pdfs/state-plan/2022/Maine_PYs_2022-2023_(mod).pdf,2025-04-17 14:43:52
2022,Maine,https://wioaplans.ed.gov/sites/default/files/pdfs/state-plan/2022//Maine_PYs_2022-2023_(mod).pdf,2025-04-17 14:43:57
2022,Maine,https://wioaplans.ed.gov/sites/default/files/pdfs/state-plan/2022/Maine_PYs_2022-2023_(mod)_0.pdf,2025-04-17 14:44:02
2022,Maine,https://wioaplans.ed.gov/sites/default/files/pdfs/state-plan/2022//Maine_PYs_2022-2023_(mod)_0.pdf,2025-04-17 14:44:08
2022,Maine,https://wioaplans.ed.gov/sites/default/files/pdfs/state-plan/2022/Maine_PYs_2022-2023_(mod)_1.pdf,2025-04-17 14:44:13
2022,Maine,https://wioaplans.ed.gov/sites/default/files/pdfs/state-plan/2022//Maine_PYs_2022-2023_(mod)_1.pdf,2025-04-17 14:44:18
2022,Maine,https://wioaplans.ed.gov/sites/default/files/pdfs/state-plan/2022/Maine_PYs_2022-2023_(mod)_2.pdf,2025-04-17 14:44:24
2022,Maine,https://wioaplans.ed.gov/sites/default/files/pdfs/state-plan/2022//Maine_PYs_2022-2023_(mod)_2.pdf,2025-04-17 14:44:29
2022,Maine,https://wioaplans.ed.gov/sites/default/files/pdfs/state-plan/2023/Maine_PYs_2022-2023_(mod).pdf,2025-04-17 14:44:34
2022,Maine,https://wioaplans.ed.gov/sites/default/files/pdfs/state-plan/2023//Maine_PYs_2022-2023_(mod).pdf,2025-04-17 14:44:39
2022,Maine,https://wioaplans.ed.gov/sites/default/files/pdfs/state-plan/2023/Maine_PYs_2022-2023_(mod)_0.pdf,2025-04-17 14:44:45
2022,Maine,https://wioaplans.ed.gov/sites/default/files/pdfs/state-plan/2023//Maine_PYs_2022-2023_(mod)_0.pdf,2025-04-17 14:44:50
2022,Maine,https://wioaplans.ed.gov/sites/default/files/pdfs/state-plan/2023/Maine_PYs_2022-2023_(mod)_1.pdf,2025-04-17 14:44:56
2022,Maine,https://wioaplans.ed.gov/sites/default/files/pdfs/state-plan/2023//Maine_PYs_2022-2023_(mod)_1.pdf,2025-04-17 14:45:01
2022,Maine,https://wioaplans.ed.gov/sites/default/files/pdfs/state-plan/2023/Maine_PYs_2022-2023_(mod)_2.pdf,2025-04-17 14:45:06
2022,Maine,https://wioaplans.ed.gov/sites/default/files/pdfs/state-plan/2023//Maine_PYs_2022-2023_(mod)_2.pdf,2025-04-17 14:45:11
2020,Massachusetts,https://wioaplans.ed.gov/sites/default/files/pdfs/state-plan/2020/Massachusetts_PYs_2020-2023.pdf,2025-04-17 14:45:17
2020,Massachusetts,https://wioaplans.ed.gov/sites/default/files/pdfs/state-plan/2020//Massachusetts_PYs_2020-2023.pdf,2025-04-17 14:45:22
2020,Massachusetts,https://wioaplans.ed.gov/sites/default/files/pdfs/state-plan/2020/Massachusetts_PYs_2020-2023_0.pdf,2025-04-17 14:45:27
2020,Massachusetts,https://wioaplans.ed.gov/sites/default/files/pdfs/state-plan/2020//Massachusetts_PYs_2020-2023_0.pdf,2025-04-17 14:45:33
2020,Massachusetts,https://wioaplans.ed.gov/sites/default/files/pdfs/state-plan/2020/Massachusetts_PYs_2020-2023_1.pdf,2025-04-17 14:45:38
2020,Massachusetts,https://wioaplans.ed.gov/sites/default/files/pdfs/state-plan/2020//Massachusetts_PYs_2020-2023_1.pdf,2025-04-17 14:45:44
2020,Massachusetts,https://wioaplans.ed.gov/sites/default/files/pdfs/state-plan/2020/Massachusetts_PYs_2020-2023_2.pdf,2025-04-17 14:45:49
2020,Massachusetts,https://wioaplans.ed.gov/sites/default/files/pdfs/state-plan/2020//Massachusetts_PYs_2020-2023_2.pdf,2025-04-17 14:45:54
2020,Massachusetts,https://wioaplans.ed.gov/sites/default/files/pdfs/state-plan/2021/Massachusetts_PYs_2020-2023.pdf,2025-04-17 14:46:00
2020,Massachusetts,https://wioaplans.ed.gov/sites/default/files/pdfs/state-plan/2021//Massachusetts_PYs_2020-2023.pdf,2025-04-17 14:46:05
2020,Massachusetts,https://wioaplans.ed.gov/sites/default/files/pdfs/state-plan/2021/Massachusetts_PYs_2020-2023_0.pdf,2025-04-17 14:46:10
2020,Massachusetts,https://wioaplans.ed.gov/sites/default/files/pdfs/state-plan/2021//Massachusetts_PYs_2020-2023_0.pdf,2025-04-17 14:46:15
2020,Massachusetts,https://wioaplans.ed.gov/sites/default/files/pdfs/state-plan/2021/Massachusetts_PYs_2020-2023_1.pdf,2025-04-17 14:46:21
2020,Massachusetts,https://wioaplans.ed.gov/sites/default/files/pdfs/state-plan/2021//Massachusetts_PYs_2020-2023_1.pdf,2025-04-17 14:46:26
2020,Massachusetts,https://wioaplans.ed.gov/sites/default/files/pdfs/state-plan/2021/Massachusetts_PYs_2020-2023_2.pdf,2025-04-17 14:46:31
2020,Massachusetts,https://wioaplans.ed.gov/sites/default/files/pdfs/state-plan/2021//Massachusetts_PYs_2020-2023_2.pdf,2025-04-17 14:46:37
2022,Michigan,https://wioaplans.ed.gov/sites/default/files/pdfs/state-plan/2022/Michigan_PYs_2022-2023_(mod).pdf,2025-04-17 14:46:42
2022,Michigan,https://wioaplans.ed.gov/sites/default/files/pdfs/state-plan/2022//Michigan_PYs_2022-2023_(mod).pdf,2025-04-17 14:46:47
2022,Michigan,https://wioaplans.ed.gov/sites/default/files/pdfs/state-plan/2022/Michigan_PYs_2022-2023_(mod)_0.pdf,2025-04-17 14:46:52
2022,Michigan,https://wioaplans.ed.gov/sites/default/files/pdfs/state-plan/2022//Michigan_PYs_2022-2023_(mod)_0.pdf,2025-04-17 14:46:58
2022,Michigan,https://wioaplans.ed.gov/sites/default/files/pdfs/state-plan/2022/Michigan_PYs_2022-2023_(mod)_1.pdf,2025-04-17 14:47:03
2022,Michigan,https://wioaplans.ed.gov/sites/default/files/pdfs/state-plan/2022//Michigan_PYs_2022-2023_(mod)_1.pdf,2025-04-17 14:47:08
2022,Michigan,https://wioaplans.ed.gov/sites/default/files/pdfs/state-plan/2022/Michigan_PYs_2022-2023_(mod)_2.pdf,2025-04-17 14:47:14
2022,Michigan,https://wioaplans.ed.gov/sites/default/files/pdfs/state-plan/2022//Michigan_PYs_2022-2023_(mod)_2.pdf,2025-04-17 14:47:19
2022,Michigan,https://wioaplans.ed.gov/sites/default/files/pdfs/state-plan/2023/Michigan_PYs_2022-2023_(mod).pdf,2025-04-17 14:47:24
2022,Michigan,https://wioaplans.ed.gov/sites/default/files/pdfs/state-plan/2023//Michigan_PYs_2022-2023_(mod).pdf,2025-04-17 14:47:30
2022,Michigan,https://wioaplans.ed.gov/sites/default/files/pdfs/state-plan/2023/Michigan_PYs_2022-2023_(mod)_0.pdf,2025-04-17 14:47:35
2022,Michigan,https://wioaplans.ed.gov/sites/default/files/pdfs/state-plan/2023//Michigan_PYs_2022-2023_(mod)_0.pdf,2025-04-17 14:47:40
2022,Michigan,https://wioaplans.ed.gov/sites/default/files/pdfs/state-plan/2023/Michigan_PYs_2022-2023_(mod)_1.pdf,2025-04-17 14:47:46
2022,Michigan,https://wioaplans.ed.gov/sites/default/files/pdfs/state-plan/2023//Michigan_PYs_2022-2023_(mod)_1.pdf,2025-04-17 14:47:51
2022,Michigan,https://wioaplans.ed.gov/sites/default/files/pdfs/state-plan/2023/Michigan_PYs_2022-2023_(mod)_2.pdf,2025-04-17 14:47:56
2022,Michigan,https://wioaplans.ed.gov/sites/default/files/pdfs/state-plan/2023//Michigan_PYs_2022-2023_(mod)_2.pdf,2025-04-17 14:48:02
2022,Nebraska,https://wioaplans.ed.gov/sites/default/files/pdfs/state-plan/2022/Nebraska_PYs_2022-2023_(mod).pdf,2025-04-17 14:48:07
2022,Nebraska,https://wioaplans.ed.gov/sites/default/files/pdfs/state-plan/2022//Nebraska_PYs_2022-2023_(mod).pdf,2025-04-17 14:48:12
2022,Nebraska,https://wioaplans.ed.gov/sites/default/files/pdfs/state-plan/2022/Nebraska_PYs_2022-2023_(mod)_0.pdf,2025-04-17 14:48:18
2022,Nebraska,https://wioaplans.ed.gov/sites/default/files/pdfs/state-plan/2022//Nebraska_PYs_2022-2023_(mod)_0.pdf,2025-04-17 14:48:23
2022,Nebraska,https://wioaplans.ed.gov/sites/default/files/pdfs/state-plan/2022/Nebraska_PYs_2022-2023_(mod)_1.pdf,2025-04-17 14:48:28
2022,Nebraska,https://wioaplans.ed.gov/sites/default/files/pdfs/state-plan/2022//Nebraska_PYs_2022-2023_(mod)_1.pdf,2025-04-17 14:48:34
2022,Nebraska,https://wioaplans.ed.gov/sites/default/files/pdfs/state-plan/2022/Nebraska_PYs_2022-2023_(mod)_2.pdf,2025-04-17 14:48:39
2022,Nebraska,https://wioaplans.ed.gov/sites/default/files/pdfs/state-plan/2022//Nebraska_PYs_2022-2023_(mod)_2.pdf,2025-04-17 14:48:44
2022,Nebraska,https://wioaplans.ed.gov/sites/default/files/pdfs/state-plan/2023/Nebraska_PYs_2022-2023_(mod).pdf,2025-04-17 14:48:49
2022,Nebraska,https://wioaplans.ed.gov/sites/default/files/pdfs/state-plan/2023//Nebraska_PYs_2022-2023_(mod).pdf,2025-04-17 14:48:55
2022,Nebraska,https://wioaplans.ed.gov/sites/default/files/pdfs/state-plan/2023/Nebraska_PYs_2022-2023_(mod)_0.pdf,2025-04-17 14:49:00
2022,Nebraska,https://wioaplans.ed.gov/sites/default/files/pdfs/state-plan/2023//Nebraska_PYs_2022-2023_(mod)_0.pdf,2025-04-17 14:49:05
2022,Nebraska,https://wioaplans.ed.gov/sites/default/files/pdfs/state-plan/2023/Nebraska_PYs_2022-2023_(mod)_1.pdf,2025-04-17 14:49:11
2022,Nebraska,https://wioaplans.ed.gov/sites/default/files/pdfs/state-plan/2023//Nebraska_PYs_2022-2023_(mod)_1.pdf,2025-04-17 14:49:16
2022,Nebraska,https://wioaplans.ed.gov/sites/default/files/pdfs/state-plan/2023/Nebraska_PYs_2022-2023_(mod)_2.pdf,2025-04-17 14:49:21
2022,Nebraska,https://wioaplans.ed.gov/sites/default/files/pdfs/state-plan/2023//Nebraska_PYs_2022-2023_(mod)_2.pdf,2025-04-17 14:49:27
2022,New Hampshire,https://wioaplans.ed.gov/sites/default/files/pdfs/state-plan/2022/New_Hampshire_PYs_2022-2023_(mod).pdf,2025-04-17 14:49:32
2022,New Hampshire,https://wioaplans.ed.gov/sites/default/files/pdfs/state-plan/2022//New_Hampshire_PYs_2022-2023_(mod).pdf,2025-04-17 14:49:37
2022,New Hampshire,https://wioaplans.ed.gov/sites/default/files/pdfs/state-plan/2022/New_Hampshire_PYs_2022-2023_(mod)_0.pdf,2025-04-17 14:49:42
2022,New Hampshire,https://wioaplans.ed.gov/sites/default/files/pdfs/state-plan/2022//New_Hampshire_PYs_2022-2023_(mod)_0.pdf,2025-04-17 14:49:48
2022,New Hampshire,https://wioaplans.ed.gov/sites/default/files/pdfs/state-plan/2022/New_Hampshire_PYs_2022-2023_(mod)_1.pdf,2025-04-17 14:49:53
2022,New Hampshire,https://wioaplans.ed.gov/sites/default/files/pdfs/state-plan/2022//New_Hampshire_PYs_2022-2023_(mod)_1.pdf,2025-04-17 14:49:58
2022,New Hampshire,https://wioaplans.ed.gov/sites/default/files/pdfs/state-plan/2022/New_Hampshire_PYs_2022-2023_(mod)_2.pdf,2025-04-17 14:50:04
2022,New Hampshire,https://wioaplans.ed.gov/sites/default/files/pdfs/state-plan/2022//New_Hampshire_PYs_2022-2023_(mod)_2.pdf,2025-04-17 14:50:16
2022,New Hampshire,https://wioaplans.ed.gov/sites/default/files/pdfs/state-plan/2023/New_Hampshire_PYs_2022-2023_(mod).pdf,2025-04-17 14:50:21
2022,New Hampshire,https://wioaplans.ed.gov/sites/default/files/pdfs/state-plan/2023//New_Hampshire_PYs_2022-2023_(mod).pdf,2025-04-17 14:50:27
2022,New Hampshire,https://wioaplans.ed.gov/sites/default/files/pdfs/state-plan/2023/New_Hampshire_PYs_2022-2023_(mod)_0.pdf,2025-04-17 14:50:32
2022,New Hampshire,https://wioaplans.ed.gov/sites/default/files/pdfs/state-plan/2023//New_Hampshire_PYs_2022-2023_(mod)_0.pdf,2025-04-17 14:50:37
2022,New Hampshire,https://wioaplans.ed.gov/sites/default/files/pdfs/state-plan/2023/New_Hampshire_PYs_2022-2023_(mod)_1.pdf,2025-04-17 14:50:42
2022,New Hampshire,https://wioaplans.ed.gov/sites/default/files/pdfs/state-plan/2023//New_Hampshire_PYs_2022-2023_(mod)_1.pdf,2025-04-17 14:50:48
2022,New Hampshire,https://wioaplans.ed.gov/sites/default/files/pdfs/state-plan/2023/New_Hampshire_PYs_2022-2023_(mod)_2.pdf,2025-04-17 14:50:53
2022,New Hampshire,https://wioaplans.ed.gov/sites/default/files/pdfs/state-plan/2023//New_Hampshire_PYs_2022-2023_(mod)_2.pdf,2025-04-17 14:50:58
2022,New Jersey,https://wioaplans.ed.gov/sites/default/files/pdfs/state-plan/2022/New_Jersey_PYs_2022-2023_(mod).pdf,2025-04-17 14:51:04
2022,New Jersey,https://wioaplans.ed.gov/sites/default/files/pdfs/state-plan/2022//New_Jersey_PYs_2022-2023_(mod).pdf,2025-04-17 14:51:09
2022,New Jersey,https://wioaplans.ed.gov/sites/default/files/pdfs/state-plan/2022/New_Jersey_PYs_2022-2023_(mod)_0.pdf,2025-04-17 14:51:14
2022,New Jersey,https://wioaplans.ed.gov/sites/default/files/pdfs/state-plan/2022//New_Jersey_PYs_2022-2023_(mod)_0.pdf,2025-04-17 14:51:20
2022,New Jersey,https://wioaplans.ed.gov/sites/default/files/pdfs/state-plan/2022/New_Jersey_PYs_2022-2023_(mod)_1.pdf,2025-04-17 14:51:25
2022,New Jersey,https://wioaplans.ed.gov/sites/default/files/pdfs/state-plan/2022//New_Jersey_PYs_2022-2023_(mod)_1.pdf,2025-04-17 14:51:30
2022,New Jersey,https://wioaplans.ed.gov/sites/default/files/pdfs/state-plan/2022/New_Jersey_PYs_2022-2023_(mod)_2.pdf,2025-04-17 14:51:35
2022,New Jersey,https://wioaplans.ed.gov/sites/default/files/pdfs/state-plan/2022//New_Jersey_PYs_2022-2023_(mod)_2.pdf,2025-04-17 14:51:41
2022,New Jersey,https://wioaplans.ed.gov/sites/default/files/pdfs/state-plan/2023/New_Jersey_PYs_2022-2023_(mod).pdf,2025-04-17 14:51:46
2022,New Jersey,https://wioaplans.ed.gov/sites/default/files/pdfs/state-plan/2023//New_Jersey_PYs_2022-2023_(mod).pdf,2025-04-17 14:51:51
2022,New Jersey,https://wioaplans.ed.gov/sites/default/files/pdfs/state-plan/2023/New_Jersey_PYs_2022-2023_(mod)_0.pdf,2025-04-17 14:51:57
2022,New Jersey,https://wioaplans.ed.gov/sites/default/files/pdfs/state-plan/2023//New_Jersey_PYs_2022-2023_(mod)_0.pdf,2025-04-17 14:52:02
2022,New Jersey,https://wioaplans.ed.gov/sites/default/files/pdfs/state-plan/2023/New_Jersey_PYs_2022-2023_(mod)_1.pdf,2025-04-17 14:52:07
2022,New Jersey,https://wioaplans.ed.gov/sites/default/files/pdfs/state-plan/2023//New_Jersey_PYs_2022-2023_(mod)_1.pdf,2025-04-17 14:52:13
2022,New Jersey,https://wioaplans.ed.gov/sites/default/files/pdfs/state-plan/2023/New_Jersey_PYs_2022-2023_(mod)_2.pdf,2025-04-17 14:52:18
2022,New Jersey,https://wioaplans.ed.gov/sites/default/files/pdfs/state-plan/2023//New_Jersey_PYs_2022-2023_(mod)_2.pdf,2025-04-17 14:52:23
2020,New Jersey,https://wioaplans.ed.gov/sites/default/files/pdfs/state-plan/2020/New_Jersey_PYs_2020-2023.pdf,2025-04-17 14:52:29
2020,New Jersey,https://wioaplans.ed.gov/sites/default/files/pdfs/state-plan/2020//New_Jersey_PYs_2020-2023.pdf,2025-04-17 14:52:34
2020,New Jersey,https://wioaplans.ed.gov/sites/default/files/pdfs/state-plan/2020/New_Jersey_PYs_2020-2023_0.pdf,2025-04-17 14:52:39
2020,New Jersey,https://wioaplans.ed.gov/sites/default/files/pdfs/state-plan/2020//New_Jersey_PYs_2020-2023_0.pdf,2025-04-17 14:52:44
2020,New Jersey,https://wioaplans.ed.gov/sites/default/files/pdfs/state-plan/2020/New_Jersey_PYs_2020-2023_1.pdf,2025-04-17 14:52:50
2020,New Jersey,https://wioaplans.ed.gov/sites/default/files/pdfs/state-plan/2020//New_Jersey_PYs_2020-2023_1.pdf,2025-04-17 14:52:55
2020,New Jersey,https://wioaplans.ed.gov/sites/default/files/pdfs/state-plan/2020/New_Jersey_PYs_2020-2023_2.pdf,2025-04-17 14:53:00
2020,New Jersey,https://wioaplans.ed.gov/sites/default/files/pdfs/state-plan/2020//New_Jersey_PYs_2020-2023_2.pdf,2025-04-17 14:53:06
2020,New Jersey,https://wioaplans.ed.gov/sites/default/files/pdfs/state-plan/2021/New_Jersey_PYs_2020-2023.pdf,2025-04-17 14:53:11
2020,New Jersey,https://wioaplans.ed.gov/sites/default/files/pdfs/state-plan/2021//New_Jersey_PYs_2020-2023.pdf,2025-04-17 14:53:16
2020,New Jersey,https://wioaplans.ed.gov/sites/default/files/pdfs/state-plan/2021/New_Jersey_PYs_2020-2023_0.pdf,2025-04-17 14:53:21
2020,New Jersey,https://wioaplans.ed.gov/sites/default/files/pdfs/state-plan/2021//New_Jersey_PYs_2020-2023_0.pdf,2025-04-17 14:53:27
2020,New Jersey,https://wioaplans.ed.gov/sites/default/files/pdfs/state-plan/2021/New_Jersey_PYs_2020-2023_1.pdf,2025-04-17 14:53:32
2020,New Jersey,https://wioaplans.ed.gov/sites/default/files/pdfs/state-plan/2021//New_Jersey_PYs_2020-2023_1.pdf,2025-04-17 14:53:37
2020,New Jersey,https://wioaplans.ed.gov/sites/default/files/pdfs/state-plan/2021/New_Jersey_PYs_2020-2023_2.pdf,2025-04-17 14:53:43
2020,New Jersey,https://wioaplans.ed.gov/sites/default/files/pdfs/state-plan/2021//New_Jersey_PYs_2020-2023_2.pdf,2025-04-17 14:53:48
2022,New York,https://wioaplans.ed.gov/sites/default/files/pdfs/state-plan/2022/New_York_PYs_2022-2023_(mod).pdf,2025-04-17 14:53:53
2022,New York,https://wioaplans.ed.gov/sites/default/files/pdfs/state-plan/2022//New_York_PYs_2022-2023_(mod).pdf,2025-04-17 14:53:59
2022,New York,https://wioaplans.ed.gov/sites/default/files/pdfs/state-plan/2022/New_York_PYs_2022-2023_(mod)_0.pdf,2025-04-17 14:54:04
2022,New York,https://wioaplans.ed.gov/sites/default/files/pdfs/state-plan/2022//New_York_PYs_2022-2023_(mod)_0.pdf,2025-04-17 14:54:09
2022,New York,https://wioaplans.ed.gov/sites/default/files/pdfs/state-plan/2022/New_York_PYs_2022-2023_(mod)_1.pdf,2025-04-17 14:54:14
2022,New York,https://wioaplans.ed.gov/sites/default/files/pdfs/state-plan/2022//New_York_PYs_2022-2023_(mod)_1.pdf,2025-04-17 14:54:20
2022,New York,https://wioaplans.ed.gov/sites/default/files/pdfs/state-plan/2022/New_York_PYs_2022-2023_(mod)_2.pdf,2025-04-17 14:54:25
2022,New York,https://wioaplans.ed.gov/sites/default/files/pdfs/state-plan/2022//New_York_PYs_2022-2023_(mod)_2.pdf,2025-04-17 14:54:30
2022,New York,https://wioaplans.ed.gov/sites/default/files/pdfs/state-plan/2023/New_York_PYs_2022-2023_(mod).pdf,2025-04-17 14:54:36
2022,New York,https://wioaplans.ed.gov/sites/default/files/pdfs/state-plan/2023//New_York_PYs_2022-2023_(mod).pdf,2025-04-17 14:54:41
2022,New York,https://wioaplans.ed.gov/sites/default/files/pdfs/state-plan/2023/New_York_PYs_2022-2023_(mod)_0.pdf,2025-04-17 14:54:46
2022,New York,https://wioaplans.ed.gov/sites/default/files/pdfs/state-plan/2023//New_York_PYs_2022-2023_(mod)_0.pdf,2025-04-17 14:54:52
2022,New York,https://wioaplans.ed.gov/sites/default/files/pdfs/state-plan/2023/New_York_PYs_2022-2023_(mod)_1.pdf,2025-04-17 14:54:57
2022,New York,https://wioaplans.ed.gov/sites/default/files/pdfs/state-plan/2023//New_York_PYs_2022-2023_(mod)_1.pdf,2025-04-17 14:55:02
2022,New York,https://wioaplans.ed.gov/sites/default/files/pdfs/state-plan/2023/New_York_PYs_2022-2023_(mod)_2.pdf,2025-04-17 14:55:07
2022,New York,https://wioaplans.ed.gov/sites/default/files/pdfs/state-plan/2023//New_York_PYs_2022-2023_(mod)_2.pdf,2025-04-17 14:55:13
2020,New York,https://wioaplans.ed.gov/sites/default/files/pdfs/state-plan/2020/New_York_PYs_2020-2023.pdf,2025-04-17 14:55:18
2020,New York,https://wioaplans.ed.gov/sites/default/files/pdfs/state-plan/2020//New_York_PYs_2020-2023.pdf,2025-04-17 14:55:23
2020,New York,https://wioaplans.ed.gov/sites/default/files/pdfs/state-plan/2020/New_York_PYs_2020-2023_0.pdf,2025-04-17 14:55:29
2020,New York,https://wioaplans.ed.gov/sites/default/files/pdfs/state-plan/2020//New_York_PYs_2020-2023_0.pdf,2025-04-17 14:55:34
2020,New York,https://wioaplans.ed.gov/sites/default/files/pdfs/state-plan/2020/New_York_PYs_2020-2023_1.pdf,2025-04-17 14:55:39
2020,New York,https://wioaplans.ed.gov/sites/default/files/pdfs/state-plan/2020//New_York_PYs_2020-2023_1.pdf,2025-04-17 14:55:45
2020,New York,https://wioaplans.ed.gov/sites/default/files/pdfs/state-plan/2020/New_York_PYs_2020-2023_2.pdf,2025-04-17 14:55:50
2020,New York,https://wioaplans.ed.gov/sites/default/files/pdfs/state-plan/2020//New_York_PYs_2020-2023_2.pdf,2025-04-17 14:55:55
2020,New York,https://wioaplans.ed.gov/sites/default/files/pdfs/state-plan/2021/New_York_PYs_2020-2023.pdf,2025-04-17 14:56:01
2020,New York,https://wioaplans.ed.gov/sites/default/files/pdfs/state-plan/2021//New_York_PYs_2020-2023.pdf,2025-04-17 14:56:06
2020,New York,https://wioaplans.ed.gov/sites/default/files/pdfs/state-plan/2021/New_York_PYs_2020-2023_0.pdf,2025-04-17 14:56:11
2020,New York,https://wioaplans.ed.gov/sites/default/files/pdfs/state-plan/2021//New_York_PYs_2020-2023_0.pdf,2025-04-17 14:56:17
2020,New York,https://wioaplans.ed.gov/sites/default/files/pdfs/state-plan/2021/New_York_PYs_2020-2023_1.pdf,2025-04-17 14:56:22
2020,New York,https://wioaplans.ed.gov/sites/default/files/pdfs/state-plan/2021//New_York_PYs_2020-2023_1.pdf,2025-04-17 14:56:27
2020,New York,https://wioaplans.ed.gov/sites/default/files/pdfs/state-plan/2021/New_York_PYs_2020-2023_2.pdf,2025-04-17 14:56:33
2020,New York,https://wioaplans.ed.gov/sites/default/files/pdfs/state-plan/2021//New_York_PYs_2020-2023_2.pdf,2025-04-17 14:56:38
2022,Pennsylvania,https://wioaplans.ed.gov/sites/default/files/pdfs/state-plan/2022/Pennsylvania_PYs_2022-2023_(mod).pdf,2025-04-17 14:56:43
2022,Pennsylvania,https://wioaplans.ed.gov/sites/default/files/pdfs/state-plan/2022//Pennsylvania_PYs_2022-2023_(mod).pdf,2025-04-17 14:56:49
2022,Pennsylvania,https://wioaplans.ed.gov/sites/default/files/pdfs/state-plan/2022/Pennsylvania_PYs_2022-2023_(mod)_0.pdf,2025-04-17 14:56:54
2022,Pennsylvania,https://wioaplans.ed.gov/sites/default/files/pdfs/state-plan/2022//Pennsylvania_PYs_2022-2023_(mod)_0.pdf,2025-04-17 14:56:59
2022,Pennsylvania,https://wioaplans.ed.gov/sites/default/files/pdfs/state-plan/2022/Pennsylvania_PYs_2022-2023_(mod)_1.pdf,2025-04-17 14:57:04
2022,Pennsylvania,https://wioaplans.ed.gov/sites/default/files/pdfs/state-plan/2022//Pennsylvania_PYs_2022-2023_(mod)_1.pdf,2025-04-17 14:57:10
2022,Pennsylvania,https://wioaplans.ed.gov/sites/default/files/pdfs/state-plan/2022/Pennsylvania_PYs_2022-2023_(mod)_2.pdf,2025-04-17 14:57:15
2022,Pennsylvania,https://wioaplans.ed.gov/sites/default/files/pdfs/state-plan/2022//Pennsylvania_PYs_2022-2023_(mod)_2.pdf,2025-04-17 14:57:20
2022,Pennsylvania,https://wioaplans.ed.gov/sites/default/files/pdfs/state-plan/2023/Pennsylvania_PYs_2022-2023_(mod).pdf,2025-04-17 14:57:26
2022,Pennsylvania,https://wioaplans.ed.gov/sites/default/files/pdfs/state-plan/2023//Pennsylvania_PYs_2022-2023_(mod).pdf,2025-04-17 14:57:31
2022,Pennsylvania,https://wioaplans.ed.gov/sites/default/files/pdfs/state-plan/2023/Pennsylvania_PYs_2022-2023_(mod)_0.pdf,2025-04-17 14:57:36
2022,Pennsylvania,https://wioaplans.ed.gov/sites/default/files/pdfs/state-plan/2023//Pennsylvania_PYs_2022-2023_(mod)_0.pdf,2025-04-17 14:57:42
2022,Pennsylvania,https://wioaplans.ed.gov/sites/default/files/pdfs/state-plan/2023/Pennsylvania_PYs_2022-2023_(mod)_1.pdf,2025-04-17 14:57:47
2022,Pennsylvania,https://wioaplans.ed.gov/sites/default/files/pdfs/state-plan/2023//Pennsylvania_PYs_2022-2023_(mod)_1.pdf,2025-04-17 14:57:52
2022,Pennsylvania,https://wioaplans.ed.gov/sites/default/files/pdfs/state-plan/2023/Pennsylvania_PYs_2022-2023_(mod)_2.pdf,2025-04-17 14:57:58
2022,Pennsylvania,https://wioaplans.ed.gov/sites/default/files/pdfs/state-plan/2023//Pennsylvania_PYs_2022-2023_(mod)_2.pdf,2025-04-17 14:58:03
2022,Puerto Rico,https://wioaplans.ed.gov/sites/default/files/pdfs/state-plan/2022/Puerto_Rico_PYs_2022-2023_(mod).pdf,2025-04-17 14:58:08
2022,Puerto Rico,https://wioaplans.ed.gov/sites/default/files/pdfs/state-plan/2022//Puerto_Rico_PYs_2022-2023_(mod).pdf,2025-04-17 14:58:13
2022,Puerto Rico,https://wioaplans.ed.gov/sites/default/files/pdfs/state-plan/2022/Puerto_Rico_PYs_2022-2023_(mod)_0.pdf,2025-04-17 14:58:19
2022,Puerto Rico,https://wioaplans.ed.gov/sites/default/files/pdfs/state-plan/2022//Puerto_Rico_PYs_2022-2023_(mod)_0.pdf,2025-04-17 14:58:24
2022,Puerto Rico,https://wioaplans.ed.gov/sites/default/files/pdfs/state-plan/2022/Puerto_Rico_PYs_2022-2023_(mod)_1.pdf,2025-04-17 14:58:29
2022,Puerto Rico,https://wioaplans.ed.gov/sites/default/files/pdfs/state-plan/2022//Puerto_Rico_PYs_2022-2023_(mod)_1.pdf,2025-04-17 14:58:35
2022,Puerto Rico,https://wioaplans.ed.gov/sites/default/files/pdfs/state-plan/2022/Puerto_Rico_PYs_2022-2023_(mod)_2.pdf,2025-04-17 14:58:40
2022,Puerto Rico,https://wioaplans.ed.gov/sites/default/files/pdfs/state-plan/2022//Puerto_Rico_PYs_2022-2023_(mod)_2.pdf,2025-04-17 14:58:45
2022,Puerto Rico,https://wioaplans.ed.gov/sites/default/files/pdfs/state-plan/2023/Puerto_Rico_PYs_2022-2023_(mod).pdf,2025-04-17 14:58:51
2022,Puerto Rico,https://wioaplans.ed.gov/sites/default/files/pdfs/state-plan/2023//Puerto_Rico_PYs_2022-2023_(mod).pdf,2025-04-17 14:58:56
2022,Puerto Rico,https://wioaplans.ed.gov/sites/default/files/pdfs/state-plan/2023/Puerto_Rico_PYs_2022-2023_(mod)_0.pdf,2025-04-17 14:59:01
2022,Puerto Rico,https://wioaplans.ed.gov/sites/default/files/pdfs/state-plan/2023//Puerto_Rico_PYs_2022-2023_(mod)_0.pdf,2025-04-17 14:59:06
2022,Puerto Rico,https://wioaplans.ed.gov/sites/default/files/pdfs/state-plan/2023/Puerto_Rico_PYs_2022-2023_(mod)_1.pdf,2025-04-17 14:59:12
2022,Puerto Rico,https://wioaplans.ed.gov/sites/default/files/pdfs/state-plan/2023//Puerto_Rico_PYs_2022-2023_(mod)_1.pdf,2025-04-17 14:59:17
2022,Puerto Rico,https://wioaplans.ed.gov/sites/default/files/pdfs/state-plan/2023/Puerto_Rico_PYs_2022-2023_(mod)_2.pdf,2025-04-17 14:59:22
2022,Puerto Rico,https://wioaplans.ed.gov/sites/default/files/pdfs/state-plan/2023//Puerto_Rico_PYs_2022-2023_(mod)_2.pdf,2025-04-17 14:59:28
2020,Rhode Island,https://wioaplans.ed.gov/sites/default/files/pdfs/state-plan/2020/Rhode_Island_PYs_2020-2023.pdf,2025-04-17 14:59:33
2020,Rhode Island,https://wioaplans.ed.gov/sites/default/files/pdfs/state-plan/2020//Rhode_Island_PYs_2020-2023.pdf,2025-04-17 14:59:38
2020,Rhode Island,https://wioaplans.ed.gov/sites/default/files/pdfs/state-plan/2020/Rhode_Island_PYs_2020-2023_0.pdf,2025-04-17 14:59:43
2020,Rhode Island,https://wioaplans.ed.gov/sites/default/files/pdfs/state-plan/2020//Rhode_Island_PYs_2020-2023_0.pdf,2025-04-17 14:59:49
2020,Rhode Island,https://wioaplans.ed.gov/sites/default/files/pdfs/state-plan/2020/Rhode_Island_PYs_2020-2023_1.pdf,2025-04-17 14:59:54
2020,Rhode Island,https://wioaplans.ed.gov/sites/default/files/pdfs/state-plan/2020//Rhode_Island_PYs_2020-2023_1.pdf,2025-04-17 14:59:59
2020,Rhode Island,https://wioaplans.ed.gov/sites/default/files/pdfs/state-plan/2020/Rhode_Island_PYs_2020-2023_2.pdf,2025-04-17 15:00:05
2020,Rhode Island,https://wioaplans.ed.gov/sites/default/files/pdfs/state-plan/2020//Rhode_Island_PYs_2020-2023_2.pdf,2025-04-17 15:00:10
2020,Rhode Island,https://wioaplans.ed.gov/sites/default/files/pdfs/state-plan/2021/Rhode_Island_PYs_2020-2023.pdf,2025-04-17 15:00:15
2020,Rhode Island,https://wioaplans.ed.gov/sites/default/files/pdfs/state-plan/2021//Rhode_Island_PYs_2020-2023.pdf,2025-04-17 15:00:21
2020,Rhode Island,https://wioaplans.ed.gov/sites/default/files/pdfs/state-plan/2021/Rhode_Island_PYs_2020-2023_0.pdf,2025-04-17 15:00:26
2020,Rhode Island,https://wioaplans.ed.gov/sites/default/files/pdfs/state-plan/2021//Rhode_Island_PYs_2020-2023_0.pdf,2025-04-17 15:00:31
2020,Rhode Island,https://wioaplans.ed.gov/sites/default/files/pdfs/state-plan/2021/Rhode_Island_PYs_2020-2023_1.pdf,2025-04-17 15:00:37
2020,Rhode Island,https://wioaplans.ed.gov/sites/default/files/pdfs/state-plan/2021//Rhode_Island_PYs_2020-2023_1.pdf,2025-04-17 15:00:42
2020,Rhode Island,https://wioaplans.ed.gov/sites/default/files/pdfs/state-plan/2021/Rhode_Island_PYs_2020-2023_2.pdf,2025-04-17 15:00:47
2020,Rhode Island,https://wioaplans.ed.gov/sites/default/files/pdfs/state-plan/2021//Rhode_Island_PYs_2020-2023_2.pdf,2025-04-17 15:00:53
2022,South Carolina,https://wioaplans.ed.gov/sites/default/files/pdfs/state-plan/2022/South_Carolina_PYs_2022-2023_(mod).pdf,2025-04-17 15:00:58
2022,South Carolina,https://wioaplans.ed.gov/sites/default/files/pdfs/state-plan/2022//South_Carolina_PYs_2022-2023_(mod).pdf,2025-04-17 15:01:03
2022,South Carolina,https://wioaplans.ed.gov/sites/default/files/pdfs/state-plan/2022/South_Carolina_PYs_2022-2023_(mod)_0.pdf,2025-04-17 15:01:09
2022,South Carolina,https://wioaplans.ed.gov/sites/default/files/pdfs/state-plan/2022//South_Carolina_PYs_2022-2023_(mod)_0.pdf,2025-04-17 15:01:14
2022,South Carolina,https://wioaplans.ed.gov/sites/default/files/pdfs/state-plan/2022/South_Carolina_PYs_2022-2023_(mod)_1.pdf,2025-04-17 15:01:19
2022,South Carolina,https://wioaplans.ed.gov/sites/default/files/pdfs/state-plan/2022//South_Carolina_PYs_2022-2023_(mod)_1.pdf,2025-04-17 15:01:25
2022,South Carolina,https://wioaplans.ed.gov/sites/default/files/pdfs/state-plan/2022/South_Carolina_PYs_2022-2023_(mod)_2.pdf,2025-04-17 15:01:30
2022,South Carolina,https://wioaplans.ed.gov/sites/default/files/pdfs/state-plan/2022//South_Carolina_PYs_2022-2023_(mod)_2.pdf,2025-04-17 15:01:35
2022,South Carolina,https://wioaplans.ed.gov/sites/default/files/pdfs/state-plan/2023/South_Carolina_PYs_2022-2023_(mod).pdf,2025-04-17 15:01:40
2022,South Carolina,https://wioaplans.ed.gov/sites/default/files/pdfs/state-plan/2023//South_Carolina_PYs_2022-2023_(mod).pdf,2025-04-17 15:01:46
2022,South Carolina,https://wioaplans.ed.gov/sites/default/files/pdfs/state-plan/2023/South_Carolina_PYs_2022-2023_(mod)_0.pdf,2025-04-17 15:01:51
2022,South Carolina,https://wioaplans.ed.gov/sites/default/files/pdfs/state-plan/2023//South_Carolina_PYs_2022-2023_(mod)_0.pdf,2025-04-17 15:01:56
2022,South Carolina,https://wioaplans.ed.gov/sites/default/files/pdfs/state-plan/2023/South_Carolina_PYs_2022-2023_(mod)_1.pdf,2025-04-17 15:02:02
2022,South Carolina,https://wioaplans.ed.gov/sites/default/files/pdfs/state-plan/2023//South_Carolina_PYs_2022-2023_(mod)_1.pdf,2025-04-17 15:02:07
2022,South Carolina,https://wioaplans.ed.gov/sites/default/files/pdfs/state-plan/2023/South_Carolina_PYs_2022-2023_(mod)_2.pdf,2025-04-17 15:02:12
2022,South Carolina,https://wioaplans.ed.gov/sites/default/files/pdfs/state-plan/2023//South_Carolina_PYs_2022-2023_(mod)_2.pdf,2025-04-17 15:02:18
2022,Tennessee,https://wioaplans.ed.gov/sites/default/files/pdfs/state-plan/2022/Tennessee_PYs_2022-2023_(mod).pdf,2025-04-17 15:02:23
2022,Tennessee,https://wioaplans.ed.gov/sites/default/files/pdfs/state-plan/2022//Tennessee_PYs_2022-2023_(mod).pdf,2025-04-17 15:02:28
2022,Tennessee,https://wioaplans.ed.gov/sites/default/files/pdfs/state-plan/2022/Tennessee_PYs_2022-2023_(mod)_0.pdf,2025-04-17 15:02:33
2022,Tennessee,https://wioaplans.ed.gov/sites/default/files/pdfs/state-plan/2022//Tennessee_PYs_2022-2023_(mod)_0.pdf,2025-04-17 15:02:39
2022,Tennessee,https://wioaplans.ed.gov/sites/default/files/pdfs/state-plan/2022/Tennessee_PYs_2022-2023_(mod)_1.pdf,2025-04-17 15:02:44
2022,Tennessee,https://wioaplans.ed.gov/sites/default/files/pdfs/state-plan/2022//Tennessee_PYs_2022-2023_(mod)_1.pdf,2025-04-17 15:02:49
2022,Tennessee,https://wioaplans.ed.gov/sites/default/files/pdfs/state-plan/2022/Tennessee_PYs_2022-2023_(mod)_2.pdf,2025-04-17 15:02:55
2022,Tennessee,https://wioaplans.ed.gov/sites/default/files/pdfs/state-plan/2022//Tennessee_PYs_2022-2023_(mod)_2.pdf,2025-04-17 15:03:00
2022,Tennessee,https://wioaplans.ed.gov/sites/default/files/pdfs/state-plan/2023/Tennessee_PYs_2022-2023_(mod).pdf,2025-04-17 15:03:05
2022,Tennessee,https://wioaplans.ed.gov/sites/default/files/pdfs/state-plan/2023//Tennessee_PYs_2022-2023_(mod).pdf,2025-04-17 15:03:11
2022,Tennessee,https://wioaplans.ed.gov/sites/default/files/pdfs/state-plan/2023/Tennessee_PYs_2022-2023_(mod)_0.pdf,2025-04-17 15:03:16
2022,Tennessee,https://wioaplans.ed.gov/sites/default/files/pdfs/state-plan/2023//Tennessee_PYs_2022-2023_(mod)_0.pdf,2025-04-17 15:03:22
2022,Tennessee,https://wioaplans.ed.gov/sites/default/files/pdfs/state-plan/2023/Tennessee_PYs_2022-2023_(mod)_1.pdf,2025-04-17 15:03:27
2022,Tennessee,https://wioaplans.ed.gov/sites/default/files/pdfs/state-plan/2023//Tennessee_PYs_2022-2023_(mod)_1.pdf,2025-04-17 15:03:32
2022,Tennessee,https://wioaplans.ed.gov/sites/default/files/pdfs/state-plan/2023/Tennessee_PYs_2022-2023_(mod)_2.pdf,2025-04-17 15:03:37
2022,Tennessee,https://wioaplans.ed.gov/sites/default/files/pdfs/state-plan/2023//Tennessee_PYs_2022-2023_(mod)_2.pdf,2025-04-17 15:03:43
2022,Virgin Islands,https://wioaplans.ed.gov/sites/default/files/pdfs/state-plan/2022/Virgin_Islands_PYs_2022-2023_(mod).pdf,2025-04-17 15:03:48
2022,Virgin Islands,https://wioaplans.ed.gov/sites/default/files/pdfs/state-plan/2022//Virgin_Islands_PYs_2022-2023_(mod).pdf,2025-04-17 15:03:53
2022,Virgin Islands,https://wioaplans.ed.gov/sites/default/files/pdfs/state-plan/2022/Virgin_Islands_PYs_2022-2023_(mod)_0.pdf,2025-04-17 15:03:59
2022,Virgin Islands,https://wioaplans.ed.gov/sites/default/files/pdfs/state-plan/2022//Virgin_Islands_PYs_2022-2023_(mod)_0.pdf,2025-04-17 15:04:04
2022,Virgin Islands,https://wioaplans.ed.gov/sites/default/files/pdfs/state-plan/2022/Virgin_Islands_PYs_2022-2023_(mod)_1.pdf,2025-04-17 15:04:09
2022,Virgin Islands,https://wioaplans.ed.gov/sites/default/files/pdfs/state-plan/2022//Virgin_Islands_PYs_2022-2023_(mod)_1.pdf,2025-04-17 15:04:15
2022,Virgin Islands,https://wioaplans.ed.gov/sites/default/files/pdfs/state-plan/2022/Virgin_Islands_PYs_2022-2023_(mod)_2.pdf,2025-04-17 15:04:20
2022,Virgin Islands,https://wioaplans.ed.gov/sites/default/files/pdfs/state-plan/2022//Virgin_Islands_PYs_2022-2023_(mod)_2.pdf,2025-04-17 15:04:25
2022,Virgin Islands,https://wioaplans.ed.gov/sites/default/files/pdfs/state-plan/2023/Virgin_Islands_PYs_2022-2023_(mod).pdf,2025-04-17 15:04:31
2022,Virgin Islands,https://wioaplans.ed.gov/sites/default/files/pdfs/state-plan/2023//Virgin_Islands_PYs_2022-2023_(mod).pdf,2025-04-17 15:04:36
2022,Virgin Islands,https://wioaplans.ed.gov/sites/default/files/pdfs/state-plan/2023/Virgin_Islands_PYs_2022-2023_(mod)_0.pdf,2025-04-17 15:04:41
2022,Virgin Islands,https://wioaplans.ed.gov/sites/default/files/pdfs/state-plan/2023//Virgin_Islands_PYs_2022-2023_(mod)_0.pdf,2025-04-17 15:04:46
2022,Virgin Islands,https://wioaplans.ed.gov/sites/default/files/pdfs/state-plan/2023/Virgin_Islands_PYs_2022-2023_(mod)_1.pdf,2025-04-17 15:04:52
2022,Virgin Islands,https://wioaplans.ed.gov/sites/default/files/pdfs/state-plan/2023//Virgin_Islands_PYs_2022-2023_(mod)_1.pdf,2025-04-17 15:04:57
2022,Virgin Islands,https://wioaplans.ed.gov/sites/default/files/pdfs/state-plan/2023/Virgin_Islands_PYs_2022-2023_(mod)_2.pdf,2025-04-17 15:05:03
2022,Virgin Islands,https://wioaplans.ed.gov/sites/default/files/pdfs/state-plan/2023//Virgin_Islands_PYs_2022-2023_(mod)_2.pdf,2025-04-17 15:05:08
2022,Virginia,https://wioaplans.ed.gov/sites/default/files/pdfs/state-plan/2022/Virginia_PYs_2022-2023_(mod).pdf,2025-04-17 15:05:13
2022,Virginia,https://wioaplans.ed.gov/sites/default/files/pdfs/state-plan/2022//Virginia_PYs_2022-2023_(mod).pdf,2025-04-17 15:05:19
2022,Virginia,https://wioaplans.ed.gov/sites/default/files/pdfs/state-plan/2022/Virginia_PYs_2022-2023_(mod)_0.pdf,2025-04-17 15:05:24
2022,Virginia,https://wioaplans.ed.gov/sites/default/files/pdfs/state-plan/2022//Virginia_PYs_2022-2023_(mod)_0.pdf,2025-04-17 15:05:29
2022,Virginia,https://wioaplans.ed.gov/sites/default/files/pdfs/state-plan/2022/Virginia_PYs_2022-2023_(mod)_1.pdf,2025-04-17 15:05:34
2022,Virginia,https://wioaplans.ed.gov/sites/default/files/pdfs/state-plan/2022//Virginia_PYs_2022-2023_(mod)_1.pdf,2025-04-17 15:05:40
2022,Virginia,https://wioaplans.ed.gov/sites/default/files/pdfs/state-plan/2022/Virginia_PYs_2022-2023_(mod)_2.pdf,2025-04-17 15:05:45
2022,Virginia,https://wioaplans.ed.gov/sites/default/files/pdfs/state-plan/2022//Virginia_PYs_2022-2023_(mod)_2.pdf,2025-04-17 15:05:50
2022,Virginia,https://wioaplans.ed.gov/sites/default/files/pdfs/state-plan/2023/Virginia_PYs_2022-2023_(mod).pdf,2025-04-17 15:05:56
2022,Virginia,https://wioaplans.ed.gov/sites/default/files/pdfs/state-plan/2023//Virginia_PYs_2022-2023_(mod).pdf,2025-04-17 15:06:01
2022,Virginia,https://wioaplans.ed.gov/sites/default/files/pdfs/state-plan/2023/Virginia_PYs_2022-2023_(mod)_0.pdf,2025-04-17 15:06:06
2022,Virginia,https://wioaplans.ed.gov/sites/default/files/pdfs/state-plan/2023//Virginia_PYs_2022-2023_(mod)_0.pdf,2025-04-17 15:06:12
2022,Virginia,https://wioaplans.ed.gov/sites/default/files/pdfs/state-plan/2023/Virginia_PYs_2022-2023_(mod)_1.pdf,2025-04-17 15:06:17
2022,Virginia,https://wioaplans.ed.gov/sites/default/files/pdfs/state-plan/2023//Virginia_PYs_2022-2023_(mod)_1.pdf,2025-04-17 15:06:22
2022,Virginia,https://wioaplans.ed.gov/sites/default/files/pdfs/state-plan/2023/Virginia_PYs_2022-2023_(mod)_2.pdf,2025-04-17 15:06:27
2022,Virginia,https://wioaplans.ed.gov/sites/default/files/pdfs/state-plan/2023//Virginia_PYs_2022-2023_(mod)_2.pdf,2025-04-17 15:06:33
2022,West Virginia,https://wioaplans.ed.gov/sites/default/files/pdfs/state-plan/2022/West_Virginia_PYs_2022-2023_(mod).pdf,2025-04-17 15:06:38
2022,West Virginia,https://wioaplans.ed.gov/sites/default/files/pdfs/state-plan/2022//West_Virginia_PYs_2022-2023_(mod).pdf,2025-04-17 15:06:43
2022,West Virginia,https://wioaplans.ed.gov/sites/default/files/pdfs/state-plan/2022/West_Virginia_PYs_2022-2023_(mod)_0.pdf,2025-04-17 15:06:49
2022,West Virginia,https://wioaplans.ed.gov/sites/default/files/pdfs/state-plan/2022//West_Virginia_PYs_2022-2023_(mod)_0.pdf,2025-04-17 15:06:54
2022,West Virginia,https://wioaplans.ed.gov/sites/default/files/pdfs/state-plan/2022/West_Virginia_PYs_2022-2023_(mod)_1.pdf,2025-04-17 15:06:59
2022,West Virginia,https://wioaplans.ed.gov/sites/default/files/pdfs/state-plan/2022//West_Virginia_PYs_2022-2023_(mod)_1.pdf,2025-04-17 15:07:05
2022,West Virginia,https://wioaplans.ed.gov/sites/default/files/pdfs/state-plan/2022/West_Virginia_PYs_2022-2023_(mod)_2.pdf,2025-04-17 15:07:10
2022,West Virginia,https://wioaplans.ed.gov/sites/default/files/pdfs/state-plan/2022//West_Virginia_PYs_2022-2023_(mod)_2.pdf,2025-04-17 15:07:16
2022,West Virginia,https://wioaplans.ed.gov/sites/default/files/pdfs/state-plan/2023/West_Virginia_PYs_2022-2023_(mod).pdf,2025-04-17 15:07:21
2022,West Virginia,https://wioaplans.ed.gov/sites/default/files/pdfs/state-plan/2023//West_Virginia_PYs_2022-2023_(mod).pdf,2025-04-17 15:07:26
2022,West Virginia,https://wioaplans.ed.gov/sites/default/files/pdfs/state-plan/2023/West_Virginia_PYs_2022-2023_(mod)_0.pdf,2025-04-17 15:07:31
2022,West Virginia,https://wioaplans.ed.gov/sites/default/files/pdfs/state-plan/2023//West_Virginia_PYs_2022-2023_(mod)_0.pdf,2025-04-17 15:07:37
2022,West Virginia,https://wioaplans.ed.gov/sites/default/files/pdfs/state-plan/2023/West_Virginia_PYs_2022-2023_(mod)_1.pdf,2025-04-17 15:07:42
2022,West Virginia,https://wioaplans.ed.gov/sites/default/files/pdfs/state-plan/2023//West_Virginia_PYs_2022-2023_(mod)_1.pdf,2025-04-17 15:07:47
2022,West Virginia,https://wioaplans.ed.gov/sites/default/files/pdfs/state-plan/2023/West_Virginia_PYs_2022-2023_(mod)_2.pdf,2025-04-17 15:07:53
2022,West Virginia,https://wioaplans.ed.gov/sites/default/files/pdfs/state-plan/2023//West_Virginia_PYs_2022-2023_(mod)_2.pdf,2025-04-17 15:07:58
